type,acres,pct
Mixed with Residential,52945.86983993711,0.08026227992069351
Nonresidential,61550.041554585594,0.09330560965981353
Primarily Residential,545164.7647319527,0.8264321104194928
