type,acres,pct
Mixed with Residential,53664.63279736925,0.08096414099796197
Nonresidential,54195.655148794,0.0817652974820874
Primarily Residential,554959.4756664725,0.8372705615199507
