type,acres,pct
Mixed with Residential,54814.68964172598,0.08187535456488329
Nonresidential,54241.16336673334,0.08101869246528519
Primarily Residential,560433.6402955031,0.8371059529698315
