total_nova,total_sfd,pct
659660.6761264754,490654.6557922328,0.743798552118272
662819.8,0,0
