jurisdiction,pct_2plus
Alexandria,0.3380145298751169
Arlington,0.13843549375014177
Dumfries,0.22933035940589042
Fairfax,0.07020463294435214
Fairfax (city),0.05810333115282041
Falls Church,0.13906211877226368
Haymarket,0.1400065304937779
Herndon,0.04310093315117975
Leesburg,0.3084496309260108
Loudoun,0.008506881364132688
Lovettsville,0.045363746167425445
Manassas,0.07295493609625411
Manassas Park,0.3160833861329557
Middleburg,0.08240234786697583
Occoquan,0.041709285146039325
Prince William,0.15328593021508932
Purcellville,0.008097320315180161
Round Hill,0.10120756211026427
Vienna,0.06693749085053433
