type,acres,pct
Mixed with Residential,66043.47877813803,0.0789571758625485
Nonresidential,110927.85574986255,0.13261794164296198
Primarily Residential,659475.4868870524,0.7884248824944895
