type,acres,pct
Mixed with Residential,53397.84,0.08108954990108042
Nonresidential,54224.020000000004,0.08234418050668685
Primarily Residential,550882.72,0.8365662695922328
