type,acres,pct
Mixed with Residential,65537.86170256902,0.0786382414879206
Nonresidential,110705.22737178391,0.13283412332777175
Primarily Residential,657166.4641216719,0.7885276351843076
